{
  "model": "LogisticRegression",
  "roc_auc": 0.840401457025498,
  "pr_auc": 0.6327614708910244,
  "best_threshold_by_f1": {
    "threshold": 0.44999999999999996,
    "f1": 0.6116027531956736,
    "precision": 0.48367029548989116,
    "recall": 0.8315508021390374
  },
  "confusion_matrix": {
    "tn": 703,
    "fp": 332,
    "fn": 63,
    "tp": 311
  },
  "classification_report": {
    "0": {
      "precision": 0.9177545691906005,
      "recall": 0.6792270531400966,
      "f1-score": 0.7806774014436424,
      "support": 1035.0
    },
    "1": {
      "precision": 0.48367029548989116,
      "recall": 0.8315508021390374,
      "f1-score": 0.6116027531956736,
      "support": 374.0
    },
    "accuracy": 0.7196593328601846,
    "macro avg": {
      "precision": 0.7007124323402458,
      "recall": 0.755388927639567,
      "f1-score": 0.696140077319658,
      "support": 1409.0
    },
    "weighted avg": {
      "precision": 0.802532767654713,
      "recall": 0.7196593328601846,
      "f1-score": 0.7357988219938622,
      "support": 1409.0
    }
  }
}